oblast_name,day,n_events,fatalities,n_detections,total_frp,has_events,has_detections,corroborated
Autonomous Republic of Crimea,2025-06-01,0,0,3,4.140000000000001,False,True,False
Autonomous Republic of Crimea,2025-06-02,0,0,2,1.5299999999999998,False,True,False
Autonomous Republic of Crimea,2025-06-03,1,0,5,5.12,True,True,True
Autonomous Republic of Crimea,2025-06-04,0,0,6,20.54,False,True,False
Autonomous Republic of Crimea,2025-06-05,0,0,36,1218.25,False,True,False
Autonomous Republic of Crimea,2025-06-06,0,0,14,88.33,False,True,False
Autonomous Republic of Crimea,2025-06-07,0,0,9,14.16,False,True,False
Autonomous Republic of Crimea,2025-06-08,1,0,7,14.620000000000001,True,True,True
Autonomous Republic of Crimea,2025-06-09,0,0,4,6.66,False,True,False
Autonomous Republic of Crimea,2025-06-10,0,0,4,7.84,False,True,False
Autonomous Republic of Crimea,2025-06-11,1,0,9,35.68,True,True,True
Autonomous Republic of Crimea,2025-06-12,1,0,10,40.33,True,True,True
Autonomous Republic of Crimea,2025-06-13,2,10,6,11.12,True,True,True
Autonomous Republic of Crimea,2025-06-14,1,0,1,0.41,True,True,True
Autonomous Republic of Crimea,2025-06-15,0,0,2,4.65,False,True,False
Autonomous Republic of Crimea,2025-06-16,0,0,3,10.62,False,True,False
Autonomous Republic of Crimea,2025-06-17,0,0,4,3.45,False,True,False
Autonomous Republic of Crimea,2025-06-18,0,0,9,21.43,False,True,False
Autonomous Republic of Crimea,2025-06-19,0,0,9,70.17,False,True,False
Autonomous Republic of Crimea,2025-06-20,0,0,4,28.419999999999998,False,True,False
Autonomous Republic of Crimea,2025-06-21,0,0,5,4.75,False,True,False
Autonomous Republic of Crimea,2025-06-22,0,0,4,8.56,False,True,False
Autonomous Republic of Crimea,2025-06-23,1,0,8,27.76,True,True,True
Autonomous Republic of Crimea,2025-06-24,1,0,23,60.69,True,True,True
Autonomous Republic of Crimea,2025-06-25,1,0,11,46.25,True,True,True
Autonomous Republic of Crimea,2025-06-26,2,0,20,262.31,True,True,True
Autonomous Republic of Crimea,2025-06-27,0,0,31,188.41,False,True,False
Autonomous Republic of Crimea,2025-06-28,2,0,15,65.13,True,True,True
Autonomous Republic of Crimea,2025-06-29,1,0,6,8.04,True,True,True
Autonomous Republic of Crimea,2025-06-30,1,0,11,7.91,True,True,True
Cherkasy Oblast,2025-06-01,1,0,0,0.0,True,False,False
Cherkasy Oblast,2025-06-06,3,0,2,1.6800000000000002,True,True,True
Cherkasy Oblast,2025-06-07,0,0,1,1.18,False,True,False
Cherkasy Oblast,2025-06-08,1,0,3,11.309999999999999,True,True,True
Cherkasy Oblast,2025-06-09,2,0,4,2.51,True,True,True
Cherkasy Oblast,2025-06-11,0,0,2,6.359999999999999,False,True,False
Cherkasy Oblast,2025-06-12,0,0,2,3.77,False,True,False
Cherkasy Oblast,2025-06-15,3,0,0,0.0,True,False,False
Cherkasy Oblast,2025-06-16,1,0,0,0.0,True,False,False
Cherkasy Oblast,2025-06-18,0,0,4,19.03,False,True,False
Cherkasy Oblast,2025-06-19,0,0,1,1.03,False,True,False
Cherkasy Oblast,2025-06-20,0,0,1,0.89,False,True,False
Cherkasy Oblast,2025-06-21,1,0,0,0.0,True,False,False
Cherkasy Oblast,2025-06-22,2,0,1,0.68,True,True,True
Cherkasy Oblast,2025-06-23,1,0,0,0.0,True,False,False
Cherkasy Oblast,2025-06-27,2,0,0,0.0,True,False,False
Cherkasy Oblast,2025-06-29,2,0,1,3.49,True,True,True
Chernihiv Oblast,2025-06-01,11,0,6,9.87,True,True,True
Chernihiv Oblast,2025-06-02,19,1,13,40.33,True,True,True
Chernihiv Oblast,2025-06-03,12,0,1,4.95,True,True,True
Chernihiv Oblast,2025-06-04,9,0,2,1.4100000000000001,True,True,True
Chernihiv Oblast,2025-06-05,15,5,2,0.8600000000000001,True,True,True
Chernihiv Oblast,2025-06-06,9,2,0,0.0,True,False,False
Chernihiv Oblast,2025-06-07,11,0,0,0.0,True,False,False
Chernihiv Oblast,2025-06-08,12,0,1,1.56,True,True,True
Chernihiv Oblast,2025-06-09,13,0,3,13.82,True,True,True
Chernihiv Oblast,2025-06-10,18,0,3,6.42,True,True,True
Chernihiv Oblast,2025-06-11,17,0,0,0.0,True,False,False
Chernihiv Oblast,2025-06-12,10,1,0,0.0,True,False,False
Chernihiv Oblast,2025-06-13,8,0,0,0.0,True,False,False
Chernihiv Oblast,2025-06-14,7,0,0,0.0,True,False,False
Chernihiv Oblast,2025-06-15,16,0,3,3.0,True,True,True
Chernihiv Oblast,2025-06-16,19,0,3,16.64,True,True,True
Chernihiv Oblast,2025-06-17,25,0,0,0.0,True,False,False
Chernihiv Oblast,2025-06-18,14,0,3,8.73,True,True,True
Chernihiv Oblast,2025-06-19,14,0,2,2.02,True,True,True
Chernihiv Oblast,2025-06-20,11,0,0,0.0,True,False,False
Chernihiv Oblast,2025-06-21,24,1,2,7.6,True,True,True
Chernihiv Oblast,2025-06-22,17,2,0,0.0,True,False,False
Chernihiv Oblast,2025-06-23,17,0,2,3.85,True,True,True
Chernihiv Oblast,2025-06-24,15,0,3,11.93,True,True,True
Chernihiv Oblast,2025-06-25,10,0,0,0.0,True,False,False
Chernihiv Oblast,2025-06-26,1,0,0,0.0,True,False,False
Chernihiv Oblast,2025-06-27,15,0,0,0.0,True,False,False
Chernihiv Oblast,2025-06-28,4,0,0,0.0,True,False,False
Chernihiv Oblast,2025-06-29,11,0,0,0.0,True,False,False
Chernihiv Oblast,2025-06-30,7,0,0,0.0,True,False,False
Chernivtsi Oblast,2025-06-03,0,0,1,1.04,False,True,False
Chernivtsi Oblast,2025-06-08,0,0,1,5.9,False,True,False
Chernivtsi Oblast,2025-06-12,0,0,1,2.64,False,True,False
Chernivtsi Oblast,2025-06-16,0,0,1,0.78,False,True,False
Chernivtsi Oblast,2025-06-17,0,0,1,0.72,False,True,False
Chernivtsi Oblast,2025-06-21,0,0,1,1.66,False,True,False
Chernivtsi Oblast,2025-06-24,0,0,1,2.33,False,True,False
Chernivtsi Oblast,2025-06-26,0,0,2,2.3899999999999997,False,True,False
Dnipropetrovsk Oblast,2025-06-01,7,12,33,53.91,True,True,True
Dnipropetrovsk Oblast,2025-06-02,6,0,40,95.48,True,True,True
Dnipropetrovsk Oblast,2025-06-03,6,0,45,66.27,True,True,True
Dnipropetrovsk Oblast,2025-06-04,4,1,37,70.02,True,True,True
Dnipropetrovsk Oblast,2025-06-05,5,0,53,161.21,True,True,True
Dnipropetrovsk Oblast,2025-06-06,15,2,32,105.43,True,True,True
Dnipropetrovsk Oblast,2025-06-07,8,1,37,124.28,True,True,True
Dnipropetrovsk Oblast,2025-06-08,4,0,41,116.09,True,True,True
Dnipropetrovsk Oblast,2025-06-09,9,3,29,61.29,True,True,True
Dnipropetrovsk Oblast,2025-06-10,7,2,48,185.29000000000002,True,True,True
Dnipropetrovsk Oblast,2025-06-11,3,2,21,166.48,True,True,True
Dnipropetrovsk Oblast,2025-06-12,8,0,20,116.47,True,True,True
Dnipropetrovsk Oblast,2025-06-13,10,2,34,118.48,True,True,True
Dnipropetrovsk Oblast,2025-06-14,7,4,27,64.05,True,True,True
Dnipropetrovsk Oblast,2025-06-15,5,3,29,34.16,True,True,True
Dnipropetrovsk Oblast,2025-06-16,8,5,34,110.11,True,True,True
Dnipropetrovsk Oblast,2025-06-17,7,1,33,93.05,True,True,True
Dnipropetrovsk Oblast,2025-06-18,5,2,35,128.06,True,True,True
Dnipropetrovsk Oblast,2025-06-19,5,1,10,15.29,True,True,True
Dnipropetrovsk Oblast,2025-06-20,4,7,28,61.14,True,True,True
Dnipropetrovsk Oblast,2025-06-21,6,2,53,96.08,True,True,True
Dnipropetrovsk Oblast,2025-06-22,8,4,30,81.59,True,True,True
Dnipropetrovsk Oblast,2025-06-23,5,1,24,48.13,True,True,True
Dnipropetrovsk Oblast,2025-06-24,10,41,34,87.12,True,True,True
Dnipropetrovsk Oblast,2025-06-25,5,0,28,47.03,True,True,True
Dnipropetrovsk Oblast,2025-06-26,8,0,52,142.44,True,True,True
Dnipropetrovsk Oblast,2025-06-27,8,13,25,204.19,True,True,True
Dnipropetrovsk Oblast,2025-06-28,11,1,6,12.76,True,True,True
Dnipropetrovsk Oblast,2025-06-29,6,5,4,5.0600000000000005,True,True,True
Dnipropetrovsk Oblast,2025-06-30,11,4,41,125.42,True,True,True
Donetsk Oblast,2025-06-01,70,178,50,279.42,True,True,True
Donetsk Oblast,2025-06-02,84,113,53,153.54999999999998,True,True,True
Donetsk Oblast,2025-06-03,88,112,60,236.24,True,True,True
Donetsk Oblast,2025-06-04,82,33,35,39.94,True,True,True
Donetsk Oblast,2025-06-05,58,111,75,144.64,True,True,True
Donetsk Oblast,2025-06-06,66,132,65,167.12,True,True,True
Donetsk Oblast,2025-06-07,92,30,116,376.35,True,True,True
Donetsk Oblast,2025-06-08,63,127,123,573.12,True,True,True
Donetsk Oblast,2025-06-09,100,124,149,725.84,True,True,True
Donetsk Oblast,2025-06-10,71,166,47,63.15,True,True,True
Donetsk Oblast,2025-06-11,81,34,79,322.82,True,True,True
Donetsk Oblast,2025-06-12,73,109,18,45.6,True,True,True
Donetsk Oblast,2025-06-13,58,175,31,63.43,True,True,True
Donetsk Oblast,2025-06-14,68,22,32,118.61,True,True,True
Donetsk Oblast,2025-06-15,73,111,4,4.83,True,True,True
Donetsk Oblast,2025-06-16,78,169,6,3.46,True,True,True
Donetsk Oblast,2025-06-17,74,150,8,37.33,True,True,True
Donetsk Oblast,2025-06-18,69,27,34,109.96,True,True,True
Donetsk Oblast,2025-06-19,56,196,17,16.9,True,True,True
Donetsk Oblast,2025-06-20,53,120,35,268.34,True,True,True
Donetsk Oblast,2025-06-21,90,87,19,21.96,True,True,True
Donetsk Oblast,2025-06-22,68,198,5,25.130000000000003,True,True,True
Donetsk Oblast,2025-06-23,87,147,25,45.49,True,True,True
Donetsk Oblast,2025-06-24,92,120,14,32.91,True,True,True
Donetsk Oblast,2025-06-25,87,31,11,26.61,True,True,True
Donetsk Oblast,2025-06-26,54,80,34,65.22,True,True,True
Donetsk Oblast,2025-06-27,65,82,60,612.88,True,True,True
Donetsk Oblast,2025-06-28,63,34,8,21.919999999999998,True,True,True
Donetsk Oblast,2025-06-29,63,109,5,3.11,True,True,True
Donetsk Oblast,2025-06-30,78,94,52,244.4,True,True,True
Ivano-Frankivsk Oblast,2025-06-01,0,0,4,7.6,False,True,False
Ivano-Frankivsk Oblast,2025-06-02,0,0,2,3.31,False,True,False
Ivano-Frankivsk Oblast,2025-06-03,0,0,7,7.86,False,True,False
Ivano-Frankivsk Oblast,2025-06-04,0,0,3,5.17,False,True,False
Ivano-Frankivsk Oblast,2025-06-05,0,0,9,11.73,False,True,False
Ivano-Frankivsk Oblast,2025-06-06,0,0,1,1.66,False,True,False
Ivano-Frankivsk Oblast,2025-06-07,0,0,4,6.82,False,True,False
Ivano-Frankivsk Oblast,2025-06-08,0,0,4,8.28,False,True,False
Ivano-Frankivsk Oblast,2025-06-09,0,0,5,8.83,False,True,False
Ivano-Frankivsk Oblast,2025-06-10,0,0,6,11.96,False,True,False
Ivano-Frankivsk Oblast,2025-06-11,0,0,2,3.9,False,True,False
Ivano-Frankivsk Oblast,2025-06-12,1,0,1,2.14,True,True,True
Ivano-Frankivsk Oblast,2025-06-13,0,0,2,4.4399999999999995,False,True,False
Ivano-Frankivsk Oblast,2025-06-14,0,0,4,6.390000000000001,False,True,False
Ivano-Frankivsk Oblast,2025-06-15,0,0,8,9.65,False,True,False
Ivano-Frankivsk Oblast,2025-06-16,0,0,2,4.06,False,True,False
Ivano-Frankivsk Oblast,2025-06-17,0,0,1,0.79,False,True,False
Ivano-Frankivsk Oblast,2025-06-18,0,0,2,3.19,False,True,False
Ivano-Frankivsk Oblast,2025-06-19,0,0,4,3.84,False,True,False
Ivano-Frankivsk Oblast,2025-06-20,0,0,6,8.18,False,True,False
Ivano-Frankivsk Oblast,2025-06-21,0,0,5,8.57,False,True,False
Ivano-Frankivsk Oblast,2025-06-22,0,0,3,5.73,False,True,False
Ivano-Frankivsk Oblast,2025-06-23,0,0,1,2.06,False,True,False
Ivano-Frankivsk Oblast,2025-06-26,0,0,7,10.780000000000001,False,True,False
Ivano-Frankivsk Oblast,2025-06-28,0,0,1,3.34,False,True,False
Ivano-Frankivsk Oblast,2025-06-29,2,1,0,0.0,True,False,False
Ivano-Frankivsk Oblast,2025-06-30,0,0,1,1.34,False,True,False
Kharkiv Oblast,2025-06-01,23,6,2,1.8900000000000001,True,True,True
Kharkiv Oblast,2025-06-02,24,6,6,21.61,True,True,True
Kharkiv Oblast,2025-06-03,23,14,23,31.5,True,True,True
Kharkiv Oblast,2025-06-04,16,8,6,5.9799999999999995,True,True,True
Kharkiv Oblast,2025-06-05,20,0,11,11.67,True,True,True
Kharkiv Oblast,2025-06-06,21,7,7,4.54,True,True,True
Kharkiv Oblast,2025-06-07,21,22,20,61.47,True,True,True
Kharkiv Oblast,2025-06-08,27,11,63,584.68,True,True,True
Kharkiv Oblast,2025-06-09,26,4,57,418.91,True,True,True
Kharkiv Oblast,2025-06-10,18,15,10,15.26,True,True,True
Kharkiv Oblast,2025-06-11,20,7,47,404.89,True,True,True
Kharkiv Oblast,2025-06-12,16,0,1,0.47,True,True,True
Kharkiv Oblast,2025-06-13,17,8,7,8.28,True,True,True
Kharkiv Oblast,2025-06-14,24,10,4,4.51,True,True,True
Kharkiv Oblast,2025-06-15,19,7,3,2.7,True,True,True
Kharkiv Oblast,2025-06-16,22,15,8,15.86,True,True,True
Kharkiv Oblast,2025-06-17,25,19,12,32.47,True,True,True
Kharkiv Oblast,2025-06-18,23,10,12,23.73,True,True,True
Kharkiv Oblast,2025-06-19,16,10,8,20.96,True,True,True
Kharkiv Oblast,2025-06-20,21,19,2,1.2,True,True,True
Kharkiv Oblast,2025-06-21,25,10,1,0.65,True,True,True
Kharkiv Oblast,2025-06-22,23,14,1,5.73,True,True,True
Kharkiv Oblast,2025-06-23,30,17,2,3.63,True,True,True
Kharkiv Oblast,2025-06-24,30,16,4,47.96,True,True,True
Kharkiv Oblast,2025-06-25,28,12,3,20.54,True,True,True
Kharkiv Oblast,2025-06-26,18,0,3,1.52,True,True,True
Kharkiv Oblast,2025-06-27,25,18,13,137.26,True,True,True
Kharkiv Oblast,2025-06-28,22,10,13,98.15,True,True,True
Kharkiv Oblast,2025-06-29,31,21,0,0.0,True,False,False
Kharkiv Oblast,2025-06-30,34,20,11,22.009999999999998,True,True,True
Kherson Oblast,2025-06-01,32,5,22,228.92000000000002,True,True,True
Kherson Oblast,2025-06-02,53,146,72,429.85,True,True,True
Kherson Oblast,2025-06-03,40,154,154,1429.74,True,True,True
Kherson Oblast,2025-06-04,37,82,102,940.02,True,True,True
Kherson Oblast,2025-06-05,38,114,189,1607.72,True,True,True
Kherson Oblast,2025-06-06,34,131,283,3149.12,True,True,True
Kherson Oblast,2025-06-07,44,3,181,3361.19,True,True,True
Kherson Oblast,2025-06-08,34,2,161,2134.23,True,True,True
Kherson Oblast,2025-06-09,35,184,545,6144.94,True,True,True
Kherson Oblast,2025-06-10,38,166,514,4982.52,True,True,True
Kherson Oblast,2025-06-11,47,121,333,4692.33,True,True,True
Kherson Oblast,2025-06-12,42,122,80,786.29,True,True,True
Kherson Oblast,2025-06-13,29,119,90,759.49,True,True,True
Kherson Oblast,2025-06-14,42,5,12,58.74,True,True,True
Kherson Oblast,2025-06-15,35,6,0,0.0,True,False,False
Kherson Oblast,2025-06-16,34,171,38,171.14,True,True,True
Kherson Oblast,2025-06-17,42,163,68,640.28,True,True,True
Kherson Oblast,2025-06-18,38,93,102,1306.25,True,True,True
Kherson Oblast,2025-06-19,42,50,134,1092.7,True,True,True
Kherson Oblast,2025-06-20,23,71,39,1825.57,True,True,True
Kherson Oblast,2025-06-21,43,2,19,28.73,True,True,True
Kherson Oblast,2025-06-22,41,8,48,494.94,True,True,True
Kherson Oblast,2025-06-23,46,105,11,93.2,True,True,True
Kherson Oblast,2025-06-24,43,90,79,585.78,True,True,True
Kherson Oblast,2025-06-25,49,81,110,836.4300000000001,True,True,True
Kherson Oblast,2025-06-26,30,59,402,6645.3099999999995,True,True,True
Kherson Oblast,2025-06-27,51,63,143,1515.74,True,True,True
Kherson Oblast,2025-06-28,28,4,30,51.88,True,True,True
Kherson Oblast,2025-06-29,30,6,86,585.37,True,True,True
Kherson Oblast,2025-06-30,42,111,172,1305.38,True,True,True
Khmelnytskyi Oblast,2025-06-01,0,0,3,3.0,False,True,False
Khmelnytskyi Oblast,2025-06-02,0,0,2,2.29,False,True,False
Khmelnytskyi Oblast,2025-06-03,0,0,3,3.41,False,True,False
Khmelnytskyi Oblast,2025-06-04,0,0,3,2.92,False,True,False
Khmelnytskyi Oblast,2025-06-05,0,0,6,7.1899999999999995,False,True,False
Khmelnytskyi Oblast,2025-06-06,1,0,4,4.529999999999999,True,True,True
Khmelnytskyi Oblast,2025-06-07,0,0,1,1.62,False,True,False
Khmelnytskyi Oblast,2025-06-08,0,0,1,0.75,False,True,False
Khmelnytskyi Oblast,2025-06-10,0,0,3,3.2199999999999998,False,True,False
Khmelnytskyi Oblast,2025-06-11,0,0,2,1.9,False,True,False
Khmelnytskyi Oblast,2025-06-14,0,0,1,1.54,False,True,False
Khmelnytskyi Oblast,2025-06-15,1,0,3,4.16,True,True,True
Khmelnytskyi Oblast,2025-06-16,1,0,8,11.51,True,True,True
Khmelnytskyi Oblast,2025-06-17,0,0,3,3.24,False,True,False
Khmelnytskyi Oblast,2025-06-18,0,0,3,4.04,False,True,False
Khmelnytskyi Oblast,2025-06-19,0,0,2,2.1,False,True,False
Khmelnytskyi Oblast,2025-06-22,0,0,3,2.81,False,True,False
Khmelnytskyi Oblast,2025-06-23,0,0,2,5.55,False,True,False
Khmelnytskyi Oblast,2025-06-25,0,0,1,1.22,False,True,False
Khmelnytskyi Oblast,2025-06-26,0,0,3,5.09,False,True,False
Khmelnytskyi Oblast,2025-06-27,2,0,4,5.08,True,True,True
Khmelnytskyi Oblast,2025-06-28,0,0,1,1.62,False,True,False
Khmelnytskyi Oblast,2025-06-29,1,0,2,1.46,True,True,True
Khmelnytskyi Oblast,2025-06-30,0,0,7,25.88,False,True,False
Kirovohrad Oblast,2025-06-02,0,0,2,1.37,False,True,False
Kirovohrad Oblast,2025-06-05,0,0,3,2.41,False,True,False
Kirovohrad Oblast,2025-06-06,1,0,0,0.0,True,False,False
Kirovohrad Oblast,2025-06-07,0,0,1,3.12,False,True,False
Kirovohrad Oblast,2025-06-08,0,0,2,2.71,False,True,False
Kirovohrad Oblast,2025-06-10,1,0,1,2.31,True,True,True
Kirovohrad Oblast,2025-06-13,0,0,2,4.24,False,True,False
Kirovohrad Oblast,2025-06-14,0,0,4,52.3,False,True,False
Kirovohrad Oblast,2025-06-15,1,0,0,0.0,True,False,False
Kirovohrad Oblast,2025-06-17,1,0,1,2.32,True,True,True
Kirovohrad Oblast,2025-06-18,0,0,1,3.62,False,True,False
Kirovohrad Oblast,2025-06-19,1,0,1,2.08,True,True,True
Kirovohrad Oblast,2025-06-21,1,0,0,0.0,True,False,False
Kirovohrad Oblast,2025-06-22,1,0,0,0.0,True,False,False
Kirovohrad Oblast,2025-06-26,0,0,1,0.36,False,True,False
Kirovohrad Oblast,2025-06-27,1,0,1,0.93,True,True,True
Kirovohrad Oblast,2025-06-28,0,0,1,0.37,False,True,False
Kirovohrad Oblast,2025-06-29,0,0,1,0.77,False,True,False
Kirovohrad Oblast,2025-06-30,0,0,3,20.900000000000002,False,True,False
Kyiv Oblast,2025-06-01,3,0,0,0.0,True,False,False
Kyiv Oblast,2025-06-02,2,0,2,8.5,True,True,True
Kyiv Oblast,2025-06-03,2,0,0,0.0,True,False,False
Kyiv Oblast,2025-06-04,1,0,0,0.0,True,False,False
Kyiv Oblast,2025-06-05,0,0,5,24.15,False,True,False
Kyiv Oblast,2025-06-06,10,3,7,21.84,True,True,True
Kyiv Oblast,2025-06-07,1,0,5,13.58,True,True,True
Kyiv Oblast,2025-06-08,1,0,0,0.0,True,False,False
Kyiv Oblast,2025-06-09,3,0,11,43.58,True,True,True
Kyiv Oblast,2025-06-10,6,1,26,182.38,True,True,True
Kyiv Oblast,2025-06-11,1,0,0,0.0,True,False,False
Kyiv Oblast,2025-06-12,2,1,0,0.0,True,False,False
Kyiv Oblast,2025-06-14,3,0,0,0.0,True,False,False
Kyiv Oblast,2025-06-15,2,0,0,0.0,True,False,False
Kyiv Oblast,2025-06-16,3,0,19,90.09,True,True,True
Kyiv Oblast,2025-06-17,12,28,19,57.94,True,True,True
Kyiv Oblast,2025-06-18,1,0,1,3.87,True,True,True
Kyiv Oblast,2025-06-19,2,0,0,0.0,True,False,False
Kyiv Oblast,2025-06-20,2,0,1,2.84,True,True,True
Kyiv Oblast,2025-06-22,0,0,8,24.96,False,True,False
Kyiv Oblast,2025-06-23,9,10,16,39.29,True,True,True
Kyiv Oblast,2025-06-24,1,0,0,0.0,True,False,False
Kyiv Oblast,2025-06-26,2,0,0,0.0,True,False,False
Kyiv Oblast,2025-06-27,4,1,0,0.0,True,False,False
Kyiv Oblast,2025-06-28,1,0,0,0.0,True,False,False
Kyiv Oblast,2025-06-29,1,0,0,0.0,True,False,False
Kyiv Oblast,2025-06-30,0,0,1,1.75,False,True,False
Luhansk Oblast,2025-06-01,5,0,19,21.28,True,True,True
Luhansk Oblast,2025-06-02,7,1,24,77.28,True,True,True
Luhansk Oblast,2025-06-03,5,0,19,40.79,True,True,True
Luhansk Oblast,2025-06-04,1,0,21,33.56,True,True,True
Luhansk Oblast,2025-06-05,1,0,38,108.41,True,True,True
Luhansk Oblast,2025-06-06,4,0,21,29.03,True,True,True
Luhansk Oblast,2025-06-07,6,0,45,234.88,True,True,True
Luhansk Oblast,2025-06-08,1,0,139,3146.05,True,True,True
Luhansk Oblast,2025-06-09,3,0,89,577.74,True,True,True
Luhansk Oblast,2025-06-10,4,0,41,58.56,True,True,True
Luhansk Oblast,2025-06-11,3,0,46,178.94,True,True,True
Luhansk Oblast,2025-06-12,0,0,1,14.39,False,True,False
Luhansk Oblast,2025-06-13,0,0,20,62.72,False,True,False
Luhansk Oblast,2025-06-14,0,0,23,57.56999999999999,False,True,False
Luhansk Oblast,2025-06-15,2,0,7,9.65,True,True,True
Luhansk Oblast,2025-06-16,4,2,15,18.04,True,True,True
Luhansk Oblast,2025-06-17,1,0,1,4.87,True,True,True
Luhansk Oblast,2025-06-18,2,0,5,6.779999999999999,True,True,True
Luhansk Oblast,2025-06-19,2,0,11,11.73,True,True,True
Luhansk Oblast,2025-06-20,3,0,17,21.49,True,True,True
Luhansk Oblast,2025-06-21,1,0,6,5.81,True,True,True
Luhansk Oblast,2025-06-22,3,0,0,0.0,True,False,False
Luhansk Oblast,2025-06-23,2,0,11,16.369999999999997,True,True,True
Luhansk Oblast,2025-06-24,4,3,8,6.24,True,True,True
Luhansk Oblast,2025-06-25,2,0,0,0.0,True,False,False
Luhansk Oblast,2025-06-26,2,0,19,19.77,True,True,True
Luhansk Oblast,2025-06-27,1,0,0,0.0,True,False,False
Luhansk Oblast,2025-06-28,3,0,1,4.23,True,True,True
Luhansk Oblast,2025-06-29,4,1,7,16.03,True,True,True
Luhansk Oblast,2025-06-30,1,0,28,54.53,True,True,True
Lviv Oblast,2025-06-01,0,0,2,3.91,False,True,False
Lviv Oblast,2025-06-05,0,0,2,3.33,False,True,False
Lviv Oblast,2025-06-06,3,0,2,18.66,True,True,True
Lviv Oblast,2025-06-10,0,0,1,3.37,False,True,False
Lviv Oblast,2025-06-14,1,0,0,0.0,True,False,False
Lviv Oblast,2025-06-16,0,0,2,7.41,False,True,False
Lviv Oblast,2025-06-17,0,0,1,4.02,False,True,False
Lviv Oblast,2025-06-18,0,0,1,2.05,False,True,False
Lviv Oblast,2025-06-20,0,0,6,46.31,False,True,False
Lviv Oblast,2025-06-21,0,0,3,9.24,False,True,False
Lviv Oblast,2025-06-23,0,0,1,8.04,False,True,False
Lviv Oblast,2025-06-26,0,0,2,4.01,False,True,False
Lviv Oblast,2025-06-29,8,0,0,0.0,True,False,False
Lviv Oblast,2025-06-30,0,0,3,6.26,False,True,False
Mykolaiv Oblast,2025-06-01,3,0,9,52.96,True,True,True
Mykolaiv Oblast,2025-06-02,0,0,4,13.48,False,True,False
Mykolaiv Oblast,2025-06-03,1,0,6,10.64,True,True,True
Mykolaiv Oblast,2025-06-04,0,0,2,5.140000000000001,False,True,False
Mykolaiv Oblast,2025-06-05,0,0,25,83.64,False,True,False
Mykolaiv Oblast,2025-06-06,4,0,12,30.98,True,True,True
Mykolaiv Oblast,2025-06-07,5,0,3,13.48,True,True,True
Mykolaiv Oblast,2025-06-08,1,0,11,69.83,True,True,True
Mykolaiv Oblast,2025-06-09,0,0,22,127.05,False,True,False
Mykolaiv Oblast,2025-06-10,1,0,16,89.39999999999999,True,True,True
Mykolaiv Oblast,2025-06-11,0,0,10,54.91,False,True,False
Mykolaiv Oblast,2025-06-12,1,0,3,9.459999999999999,True,True,True
Mykolaiv Oblast,2025-06-13,0,0,6,18.95,False,True,False
Mykolaiv Oblast,2025-06-14,2,0,0,0.0,True,False,False
Mykolaiv Oblast,2025-06-15,1,0,0,0.0,True,False,False
Mykolaiv Oblast,2025-06-16,0,0,37,358.4,False,True,False
Mykolaiv Oblast,2025-06-17,0,0,11,295.31,False,True,False
Mykolaiv Oblast,2025-06-18,4,0,7,49.870000000000005,True,True,True
Mykolaiv Oblast,2025-06-19,3,0,4,25.86,True,True,True
Mykolaiv Oblast,2025-06-20,1,0,24,320.78999999999996,True,True,True
Mykolaiv Oblast,2025-06-21,3,0,1,0.93,True,True,True
Mykolaiv Oblast,2025-06-22,3,3,6,23.47,True,True,True
Mykolaiv Oblast,2025-06-23,1,0,20,168.42,True,True,True
Mykolaiv Oblast,2025-06-24,3,0,10,13.99,True,True,True
Mykolaiv Oblast,2025-06-25,0,0,17,92.18,False,True,False
Mykolaiv Oblast,2025-06-26,1,0,45,488.93,True,True,True
Mykolaiv Oblast,2025-06-27,4,0,27,274.89,True,True,True
Mykolaiv Oblast,2025-06-28,0,0,8,25.990000000000002,False,True,False
Mykolaiv Oblast,2025-06-29,3,0,28,221.22,True,True,True
Mykolaiv Oblast,2025-06-30,3,2,119,1148.58,True,True,True
Odessa Oblast,2025-06-01,1,0,0,0.0,True,False,False
Odessa Oblast,2025-06-02,0,0,2,6.43,False,True,False
Odessa Oblast,2025-06-03,1,0,2,4.17,True,True,True
Odessa Oblast,2025-06-04,1,0,1,3.52,True,True,True
Odessa Oblast,2025-06-05,1,0,1,2.25,True,True,True
Odessa Oblast,2025-06-06,2,1,0,0.0,True,False,False
Odessa Oblast,2025-06-07,2,2,0,0.0,True,False,False
Odessa Oblast,2025-06-08,1,0,2,6.3999999999999995,True,True,True
Odessa Oblast,2025-06-09,1,1,1,3.85,True,True,True
Odessa Oblast,2025-06-10,1,2,3,43.21,True,True,True
Odessa Oblast,2025-06-11,1,0,1,1.78,True,True,True
Odessa Oblast,2025-06-12,2,0,0,0.0,True,False,False
Odessa Oblast,2025-06-13,0,0,8,49.13,False,True,False
Odessa Oblast,2025-06-14,2,0,0,0.0,True,False,False
Odessa Oblast,2025-06-15,0,0,2,10.77,False,True,False
Odessa Oblast,2025-06-16,0,0,14,84.85000000000001,False,True,False
Odessa Oblast,2025-06-17,1,2,3,4.87,True,True,True
Odessa Oblast,2025-06-18,0,0,11,150.51,False,True,False
Odessa Oblast,2025-06-19,1,0,7,58.95,True,True,True
Odessa Oblast,2025-06-20,1,1,17,73.75,True,True,True
Odessa Oblast,2025-06-21,1,0,3,5.04,True,True,True
Odessa Oblast,2025-06-22,1,0,16,185.93,True,True,True
Odessa Oblast,2025-06-23,1,3,3,22.759999999999998,True,True,True
Odessa Oblast,2025-06-24,0,0,7,59.019999999999996,False,True,False
Odessa Oblast,2025-06-25,1,0,6,12.559999999999999,True,True,True
Odessa Oblast,2025-06-26,0,0,19,104.92,False,True,False
Odessa Oblast,2025-06-27,1,2,9,57.79,True,True,True
Odessa Oblast,2025-06-28,0,0,1,3.7,False,True,False
Odessa Oblast,2025-06-29,0,0,27,358.4,False,True,False
Odessa Oblast,2025-06-30,1,0,20,197.45,True,True,True
Poltava Oblast,2025-06-01,1,0,7,6.7,True,True,True
Poltava Oblast,2025-06-02,0,0,4,3.25,False,True,False
Poltava Oblast,2025-06-03,1,0,2,40.84,True,True,True
Poltava Oblast,2025-06-04,1,2,3,10.32,True,True,True
Poltava Oblast,2025-06-05,0,0,12,16.41,False,True,False
Poltava Oblast,2025-06-06,1,0,4,3.32,True,True,True
Poltava Oblast,2025-06-07,0,0,2,3.46,False,True,False
Poltava Oblast,2025-06-08,0,0,4,2.71,False,True,False
Poltava Oblast,2025-06-09,1,0,11,13.21,True,True,True
Poltava Oblast,2025-06-10,0,0,15,99.58,False,True,False
Poltava Oblast,2025-06-11,0,0,1,0.99,False,True,False
Poltava Oblast,2025-06-12,0,0,2,6.57,False,True,False
Poltava Oblast,2025-06-13,0,0,1,0.26,False,True,False
Poltava Oblast,2025-06-14,2,0,1,0.57,True,True,True
Poltava Oblast,2025-06-15,3,0,2,3.26,True,True,True
Poltava Oblast,2025-06-16,2,0,9,8.08,True,True,True
Poltava Oblast,2025-06-17,1,0,8,5.87,True,True,True
Poltava Oblast,2025-06-18,0,0,4,1.92,False,True,False
Poltava Oblast,2025-06-19,0,0,2,0.93,False,True,False
Poltava Oblast,2025-06-21,1,1,14,58.03,True,True,True
Poltava Oblast,2025-06-22,0,0,2,7.69,False,True,False
Poltava Oblast,2025-06-23,0,0,4,4.4,False,True,False
Poltava Oblast,2025-06-24,1,0,3,3.23,True,True,True
Poltava Oblast,2025-06-25,0,0,3,2.35,False,True,False
Poltava Oblast,2025-06-27,1,0,0,0.0,True,False,False
Poltava Oblast,2025-06-29,2,0,2,1.18,True,True,True
Poltava Oblast,2025-06-30,0,0,7,33.92,False,True,False
Rivne Oblast,2025-06-02,0,0,2,5.08,False,True,False
Rivne Oblast,2025-06-03,0,0,2,5.81,False,True,False
Rivne Oblast,2025-06-04,0,0,3,6.02,False,True,False
Rivne Oblast,2025-06-05,0,0,7,15.68,False,True,False
Rivne Oblast,2025-06-06,1,0,5,9.73,True,True,True
Rivne Oblast,2025-06-07,0,0,9,21.3,False,True,False
Rivne Oblast,2025-06-08,0,0,4,8.4,False,True,False
Rivne Oblast,2025-06-09,1,0,5,5.62,True,True,True
Rivne Oblast,2025-06-10,0,0,3,2.43,False,True,False
Rivne Oblast,2025-06-12,0,0,1,0.89,False,True,False
Rivne Oblast,2025-06-13,0,0,2,2.9400000000000004,False,True,False
Rivne Oblast,2025-06-14,0,0,2,3.39,False,True,False
Rivne Oblast,2025-06-15,1,0,6,10.7,True,True,True
Rivne Oblast,2025-06-16,1,0,14,103.27,True,True,True
Rivne Oblast,2025-06-17,0,0,6,11.47,False,True,False
Rivne Oblast,2025-06-18,0,0,3,5.109999999999999,False,True,False
Rivne Oblast,2025-06-19,0,0,2,4.43,False,True,False
Rivne Oblast,2025-06-20,0,0,2,3.68,False,True,False
Rivne Oblast,2025-06-21,0,0,4,5.99,False,True,False
Rivne Oblast,2025-06-22,0,0,4,8.85,False,True,False
Rivne Oblast,2025-06-23,0,0,5,10.95,False,True,False
Rivne Oblast,2025-06-25,0,0,2,3.01,False,True,False
Rivne Oblast,2025-06-26,0,0,5,10.84,False,True,False
Rivne Oblast,2025-06-27,1,0,0,0.0,True,False,False
Rivne Oblast,2025-06-28,0,0,1,2.67,False,True,False
Rivne Oblast,2025-06-29,1,0,2,5.15,True,True,True
Rivne Oblast,2025-06-30,0,0,4,11.23,False,True,False
Sevastopol,2025-06-05,1,0,0,0.0,True,False,False
Sevastopol,2025-06-19,1,0,0,0.0,True,False,False
Sevastopol,2025-06-23,0,0,5,57.5,False,True,False
Sevastopol,2025-06-27,1,0,0,0.0,True,False,False
Sevastopol,2025-06-30,1,0,0,0.0,True,False,False
Sumy Oblast,2025-06-01,56,10,20,48.13,True,True,True
Sumy Oblast,2025-06-02,58,10,15,63.169999999999995,True,True,True
Sumy Oblast,2025-06-03,57,19,24,212.44,True,True,True
Sumy Oblast,2025-06-04,46,10,3,2.5999999999999996,True,True,True
Sumy Oblast,2025-06-05,65,0,10,18.75,True,True,True
Sumy Oblast,2025-06-06,54,10,2,2.6,True,True,True
Sumy Oblast,2025-06-07,50,10,3,4.34,True,True,True
Sumy Oblast,2025-06-08,43,10,10,15.76,True,True,True
Sumy Oblast,2025-06-09,40,10,12,16.17,True,True,True
Sumy Oblast,2025-06-10,53,2,17,28.580000000000002,True,True,True
Sumy Oblast,2025-06-11,53,10,0,0.0,True,False,False
Sumy Oblast,2025-06-12,36,0,1,0.36,True,True,True
Sumy Oblast,2025-06-13,35,10,1,2.82,True,True,True
Sumy Oblast,2025-06-14,39,9,2,8.49,True,True,True
Sumy Oblast,2025-06-15,44,9,2,0.58,True,True,True
Sumy Oblast,2025-06-16,51,6,8,27.44,True,True,True
Sumy Oblast,2025-06-17,63,3,6,5.93,True,True,True
Sumy Oblast,2025-06-18,34,9,5,9.56,True,True,True
Sumy Oblast,2025-06-19,31,9,10,19.12,True,True,True
Sumy Oblast,2025-06-20,30,0,1,0.85,True,True,True
Sumy Oblast,2025-06-21,49,10,8,9.72,True,True,True
Sumy Oblast,2025-06-22,49,10,1,0.82,True,True,True
Sumy Oblast,2025-06-23,48,3,4,2.58,True,True,True
Sumy Oblast,2025-06-24,45,3,1,1.37,True,True,True
Sumy Oblast,2025-06-25,42,7,7,12.36,True,True,True
Sumy Oblast,2025-06-26,22,0,4,6.63,True,True,True
Sumy Oblast,2025-06-27,46,3,1,2.24,True,True,True
Sumy Oblast,2025-06-28,33,6,0,0.0,True,False,False
Sumy Oblast,2025-06-29,49,0,3,2.67,True,True,True
Sumy Oblast,2025-06-30,29,0,15,11.52,True,True,True
Ternopil Oblast,2025-06-03,1,0,0,0.0,True,False,False
Ternopil Oblast,2025-06-06,1,0,4,25.42,True,True,True
Ternopil Oblast,2025-06-09,1,0,2,3.32,True,True,True
Ternopil Oblast,2025-06-16,0,0,1,4.09,False,True,False
Ternopil Oblast,2025-06-17,0,0,2,7.7,False,True,False
Ternopil Oblast,2025-06-18,1,0,0,0.0,True,False,False
Ternopil Oblast,2025-06-21,0,0,1,2.21,False,True,False
Ternopil Oblast,2025-06-29,4,0,0,0.0,True,False,False
Ternopil Oblast,2025-06-30,0,0,1,1.46,False,True,False
Vinnytsia Oblast,2025-06-03,0,0,2,8.16,False,True,False
Vinnytsia Oblast,2025-06-06,0,0,2,2.7,False,True,False
Vinnytsia Oblast,2025-06-07,1,0,1,2.45,True,True,True
Vinnytsia Oblast,2025-06-08,0,0,1,2.69,False,True,False
Vinnytsia Oblast,2025-06-10,0,0,1,9.05,False,True,False
Vinnytsia Oblast,2025-06-16,0,0,3,10.21,False,True,False
Vinnytsia Oblast,2025-06-22,0,0,1,1.98,False,True,False
Vinnytsia Oblast,2025-06-26,0,0,1,0.38,False,True,False
Volyn Oblast,2025-06-06,1,2,0,0.0,True,False,False
Volyn Oblast,2025-06-10,0,0,1,2.38,False,True,False
Volyn Oblast,2025-06-16,0,0,3,12.29,False,True,False
Volyn Oblast,2025-06-17,0,0,3,15.53,False,True,False
Volyn Oblast,2025-06-18,0,0,1,0.69,False,True,False
Volyn Oblast,2025-06-22,1,0,1,3.49,True,True,True
Volyn Oblast,2025-06-23,1,0,1,1.49,True,True,True
Zakarpattia Oblast,2025-06-01,0,0,1,1.95,False,True,False
Zakarpattia Oblast,2025-06-10,0,0,2,6.35,False,True,False
Zakarpattia Oblast,2025-06-13,0,0,1,2.39,False,True,False
Zakarpattia Oblast,2025-06-15,0,0,1,3.44,False,True,False
Zakarpattia Oblast,2025-06-18,0,0,1,0.62,False,True,False
Zakarpattia Oblast,2025-06-22,0,0,2,2.18,False,True,False
Zakarpattia Oblast,2025-06-25,0,0,1,4.08,False,True,False
Zakarpattia Oblast,2025-06-26,0,0,1,5.61,False,True,False
Zakarpattia Oblast,2025-06-30,0,0,3,7.4,False,True,False
Zaporizhia Oblast,2025-06-01,22,14,13,22.63,True,True,True
Zaporizhia Oblast,2025-06-02,24,11,31,61.43,True,True,True
Zaporizhia Oblast,2025-06-03,24,10,28,81.21000000000001,True,True,True
Zaporizhia Oblast,2025-06-04,18,8,22,122.92,True,True,True
Zaporizhia Oblast,2025-06-05,20,1,60,176.73,True,True,True
Zaporizhia Oblast,2025-06-06,18,8,70,280.22,True,True,True
Zaporizhia Oblast,2025-06-07,21,14,54,214.29,True,True,True
Zaporizhia Oblast,2025-06-08,18,11,58,253.49,True,True,True
Zaporizhia Oblast,2025-06-09,18,8,106,615.23,True,True,True
Zaporizhia Oblast,2025-06-10,24,12,104,594.52,True,True,True
Zaporizhia Oblast,2025-06-11,24,3,100,603.63,True,True,True
Zaporizhia Oblast,2025-06-12,27,1,46,115.85,True,True,True
Zaporizhia Oblast,2025-06-13,28,10,28,133.39,True,True,True
Zaporizhia Oblast,2025-06-14,22,12,15,49.55,True,True,True
Zaporizhia Oblast,2025-06-15,18,8,1,0.97,True,True,True
Zaporizhia Oblast,2025-06-16,24,9,29,50.08,True,True,True
Zaporizhia Oblast,2025-06-17,22,14,37,101.17,True,True,True
Zaporizhia Oblast,2025-06-18,20,10,27,84.13,True,True,True
Zaporizhia Oblast,2025-06-19,23,0,14,19.75,True,True,True
Zaporizhia Oblast,2025-06-20,24,16,45,439.17,True,True,True
Zaporizhia Oblast,2025-06-21,18,8,44,98.71000000000001,True,True,True
Zaporizhia Oblast,2025-06-22,17,9,21,141.5,True,True,True
Zaporizhia Oblast,2025-06-23,16,3,16,42.41,True,True,True
Zaporizhia Oblast,2025-06-24,23,14,57,208.67000000000002,True,True,True
Zaporizhia Oblast,2025-06-25,23,9,6,39.58,True,True,True
Zaporizhia Oblast,2025-06-26,17,0,36,132.32,True,True,True
Zaporizhia Oblast,2025-06-27,18,10,54,498.59000000000003,True,True,True
Zaporizhia Oblast,2025-06-28,18,6,18,39.38,True,True,True
Zaporizhia Oblast,2025-06-29,15,14,9,17.99,True,True,True
Zaporizhia Oblast,2025-06-30,17,6,13,40.76,True,True,True
Zhytomyr Oblast,2025-06-01,1,0,0,0.0,True,False,False
Zhytomyr Oblast,2025-06-03,0,0,2,4.4,False,True,False
Zhytomyr Oblast,2025-06-08,1,0,0,0.0,True,False,False
Zhytomyr Oblast,2025-06-10,0,0,1,1.92,False,True,False
Zhytomyr Oblast,2025-06-12,0,0,1,1.93,False,True,False
Zhytomyr Oblast,2025-06-16,0,0,1,2.94,False,True,False
Zhytomyr Oblast,2025-06-17,0,0,2,4.96,False,True,False
Zhytomyr Oblast,2025-06-18,0,0,8,405.42,False,True,False
Zhytomyr Oblast,2025-06-19,0,0,3,17.32,False,True,False
Zhytomyr Oblast,2025-06-20,0,0,8,30.79,False,True,False
Zhytomyr Oblast,2025-06-21,0,0,1,0.31,False,True,False
Zhytomyr Oblast,2025-06-23,0,0,1,2.62,False,True,False
Zhytomyr Oblast,2025-06-24,0,0,2,4.65,False,True,False
Zhytomyr Oblast,2025-06-28,0,0,2,5.65,False,True,False
Zhytomyr Oblast,2025-06-30,0,0,1,0.29,False,True,False
